Sno,Date,Max_Temperature_F,Mean_Temperature_F,Min_TemperatureF,Max_Dew_Point_F,MeanDew_Point_F,Min_Dewpoint_F,Max_Humidity,Mean_Humidity,Min_Humidity,Max_Sea_Level_Pressure_In,Mean_Sea_Level_Pressure_In,Min_Sea_Level_Pressure_In,Max_Visibility_Miles,Mean_Visibility_Miles,Min_Visibility_Miles,Max_Wind_Speed_MPH,Mean_Wind_Speed_MPH,Max_Gust_Speed_MPH,Precipitation_In,Events,Mean_Temperature_C,Events_num,month,year
80,01/01/2015,43,35,27,28,25,21,81,70,49,30.42,30.31,30.22,10,10,6,4,0,9.26,0,Rain,1,2,1,2015
81,02/01/2015,44,38,32,39,32,25,86,76,67,30.23,30.16,30.1,10,10,7,12,4,9.26,0.03,Rain,3,2,1,2015
82,03/01/2015,43,38,33,38,35,30,93,84,76,30.3,30.26,30.22,10,7,3,7,2,9.26,0,Rain,3,2,1,2015
83,04/01/2015,54,48,41,48,41,37,89,84,77,30.27,30.14,29.98,10,8,3,21,7,32,0.22,Rain,8,2,1,2015
84,05/01/2015,57,56,54,52,50,48,88,81,74,30.29,30.18,30,10,8,2,20,14,31,0.07,Rain,13,2,1,2015
85,06/01/2015,55,50,46,48,46,43,93,84,74,30.31,30.29,30.26,10,7,0,6,2,9.26,0.01,Fog,10,0,1,2015
86,07/01/2015,50,47,44,46,43,41,93,85,74,30.32,30.28,30.25,10,5,1,6,2,9.26,0,Rain,8,2,1,2015
87,08/01/2015,48,44,39,41,38,36,89,82,71,30.26,30.17,30.12,10,6,0,8,3,9.26,0,Rain,6,2,1,2015
88,09/01/2015,50,44,39,41,39,37,93,86,68,30.13,30.09,30.02,10,4,0,6,2,9.26,0.01,"Fog, Rain",6,1,1,2015
89,10/01/2015,48,46,44,45,44,41,93,88,83,30.07,30.03,30,10,3,1,7,1,9.26,0.18,Rain,7,2,1,2015
90,11/01/2015,51,48,46,46,45,42,89,85,80,30.24,30.14,30.07,10,5,0,5,1,9.26,0.06,"Fog, Rain",8,1,1,2015
91,12/01/2015,53,49,45,43,41,39,90,78,64,30.44,30.35,30.25,10,10,4,10,1,9.26,0,Rain,9,2,1,2015
92,13/01/2015,48,44,41,41,38,37,87,80,66,30.48,30.43,30.32,10,9,2,10,2,9.26,0,Rain,6,2,1,2015
93,14/01/2015,46,42,37,38,34,28,89,77,60,30.31,30.24,30.2,10,7,1,10,3,9.26,0,Rain,5,2,1,2015
94,15/01/2015,46,41,36,41,34,27,86,73,63,30.21,30.03,29.79,10,9,3,16,3,9.26,0.43,Rain,5,2,1,2015
95,16/01/2015,55,50,44,45,40,36,87,71,57,30.24,30.08,29.82,10,10,10,13,8,22,0,Rain,10,2,1,2015
96,17/01/2015,55,46,39,52,41,35,90,84,73,30.16,29.89,29.6,10,6,3,17,1,23,0.76,Rain,7,2,1,2015
97,18/01/2015,60,54,48,51,44,42,82,73,67,30.27,30.04,29.64,10,9,3,22,14,36,0.23,Rain,12,2,1,2015
98,19/01/2015,52,49,46,43,42,40,83,76,66,30.46,30.39,30.27,10,10,7,10,5,9.26,0.03,Rain,9,2,1,2015
99,20/01/2015,51,46,39,39,38,34,87,76,59,30.46,30.41,30.35,10,10,9,9,1,9.26,0,Rain,7,2,1,2015
100,21/01/2015,48,40,33,39,35,29,93,81,66,30.35,30.29,30.23,10,6,0,5,1,9.26,0,Rain,4,2,1,2015
101,22/01/2015,52,48,45,46,43,38,87,81,76,30.4,30.33,30.27,10,9,5,8,1,9.26,0.03,Rain,8,2,1,2015
102,23/01/2015,57,54,50,52,49,45,89,84,76,30.4,30.32,30.26,10,8,2,13,6,21,0.08,Rain,12,2,1,2015
103,24/01/2015,62,58,55,55,52,51,87,82,75,30.32,30.26,30.21,10,10,10,10,7,20,0.02,Sunny,14,6,1,2015
104,25/01/2015,64,57,50,53,49,45,86,77,54,30.22,30.11,29.97,10,10,6,8,3,9.26,0.01,Rain,13,2,1,2015
105,26/01/2015,64,55,46,47,46,42,93,77,52,29.99,29.95,29.91,10,7,0,13,4,9.26,0,Rain,12,2,1,2015
106,27/01/2015,55,52,50,49,47,45,88,83,80,30.29,30.1,29.98,10,6,2,10,6,9.26,0.02,Rain,11,2,1,2015
107,28/01/2015,55,50,46,45,42,40,87,76,64,30.4,30.36,30.3,10,10,7,6,2,9.26,0,Rain,10,2,1,2015
108,29/01/2015,55,48,42,40,38,36,85,71,57,30.37,30.34,30.3,10,10,10,8,1,9.26,0,Rain,8,2,1,2015
109,30/01/2015,48,44,39,40,38,35,96,85,71,30.34,30.3,30.25,10,3,0,8,1,9.26,0,Rain,6,2,1,2015
110,31/01/2015,46,42,39,40,39,37,89,83,76,30.27,30.22,30.11,10,4,0,6,1,9.26,0,Rain,5,2,1,2015
111,01/02/2015,51,48,44,45,42,39,87,82,76,30.11,30.06,30.03,10,7,2,10,5,17,0.04,Rain,8,2,2,2015
112,02/02/2015,55,50,44,48,43,40,87,79,66,30.08,29.94,29.85,10,7,1,20,5,34,0.3,Rain,10,2,2,2015
113,03/02/2015,52,48,44,46,44,42,93,83,74,30.12,30.08,30.02,10,8,0,10,5,9.26,0.03,"Fog, Rain",8,1,2,2015
114,04/02/2015,52,47,42,46,43,39,93,84,74,30.09,29.95,29.74,10,6,0,7,2,9.26,0.3,"Fog, Rain",8,1,2,2015
115,05/02/2015,59,54,48,53,49,44,86,83,78,29.7,29.54,29.39,10,8,3,13,7,20,0.87,Rain,12,2,2,2015
116,06/02/2015,60,56,53,53,50,44,87,78,62,29.47,29.4,29.33,10,8,3,16,10,23,0.75,Rain,13,2,2,2015
117,07/02/2015,57,54,51,51,48,45,89,81,69,29.86,29.56,29.35,10,8,4,17,6,32,0.82,Rain,12,2,2,2015
118,08/02/2015,60,54,48,48,45,43,87,72,53,29.96,29.82,29.63,10,10,7,10,5,9.26,0.15,Rain,12,2,2,2015
119,09/02/2015,57,52,48,50,48,45,89,80,67,30.01,29.78,29.58,10,9,4,10,4,17,0.15,Rain,11,2,2,2015
120,10/02/2015,57,52,48,50,46,43,83,73,62,30.31,30.23,30.04,10,10,6,17,9,22,0.02,Rain,11,2,2,2015
121,11/02/2015,57,51,45,48,45,41,87,78,64,30.25,30.2,30.16,10,10,6,5,1,9.26,0,Rain,10,2,2,2015
122,12/02/2015,72,62,51,49,47,43,89,70,44,30.27,30.24,30.19,10,10,9,9,4,9.26,0.02,Sunny,16,6,2,2015
123,13/02/2015,61,54,46,50,47,45,99,80,60,30.26,30.18,30.09,10,10,7,6,1,9.26,0,Rain,12,2,2,2015
124,14/02/2015,60,54,48,50,46,38,90,75,62,30.45,30.36,30.24,10,10,7,8,2,9.26,0.05,Rain,12,2,2,2015
125,15/02/2015,55,48,42,42,40,36,82,72,60,30.48,30.4,30.32,10,10,10,10,3,9.26,0,Rain,8,2,2,2015
126,16/02/2015,61,53,45,41,37,31,83,63,32,30.34,30.3,30.24,10,10,9,9,4,9.26,0,Rain,11,2,2,2015
127,17/02/2015,60,52,44,37,35,34,74,57,38,30.24,30.17,30.1,10,10,10,8,1,9.26,0,Rain,11,2,2,2015
128,18/02/2015,57,48,39,43,39,34,79,67,55,30.27,30.22,30.14,10,10,10,12,5,9.26,0,Rain,8,2,2,2015
129,19/02/2015,54,51,48,48,46,42,87,79,74,30.29,30.26,30.22,10,9,5,6,2,9.26,0.03,Rain,10,2,2,2015
130,20/02/2015,54,52,50,46,45,41,86,77,66,30.3,30.28,30.26,10,8,3,6,0,9.26,0.02,Rain,11,2,2,2015
131,21/02/2015,55,50,44,41,38,34,82,67,47,30.45,30.33,30.27,10,10,10,10,3,20,0,Rain,10,2,2,2015
132,22/02/2015,54,45,36,38,31,24,93,62,31,30.48,30.43,30.38,10,10,10,6,1,9.26,0,Rain,7,2,2,2015
133,23/02/2015,55,44,33,33,30,26,82,57,33,30.44,30.41,30.38,10,10,10,6,1,9.26,0,Rain,6,2,2,2015
134,24/02/2015,54,45,36,38,33,29,79,62,43,30.42,30.38,30.34,10,10,10,7,3,9.26,0,Rain,7,2,2,2015
135,25/02/2015,52,49,46,47,43,37,89,79,68,30.44,30.36,30.26,10,8,2,8,3,9.26,0.07,Rain,9,2,2,2015
136,26/02/2015,54,51,48,47,45,44,87,81,72,30.26,30.1,29.81,10,8,5,7,2,9.26,0.22,Rain,10,2,2,2015
137,27/02/2015,54,51,48,46,43,37,90,75,57,29.95,29.79,29.72,10,9,4,9,4,9.26,0.73,Rain,10,2,2,2015
138,28/02/2015,55,47,37,34,28,19,73,47,24,30.24,30.16,29.97,10,10,10,12,5,18,0,Rain,8,2,2,2015
139,01/03/2015,54,44,35,35,30,26,79,56,34,30.26,30.13,29.98,10,10,10,7,3,9.26,0,Rain,6,2,3,2015
140,02/03/2015,54,49,39,36,34,28,73,58,38,30.16,30.05,29.99,10,10,10,12,6,23,0,Rain,9,2,3,2015
141,03/03/2015,52,42,32,32,24,10,82,53,19,30.27,30.23,30.18,10,10,10,9,3,9.26,0,Rain,5,2,3,2015
142,04/03/2015,55,44,32,29,24,19,75,49,25,30.32,30.29,30.26,10,10,10,10,2,9.26,0,Rain,6,2,3,2015
143,05/03/2015,59,48,37,39,32,26,73,55,28,30.4,30.36,30.31,10,10,10,6,3,9.26,0,Rain,8,2,3,2015
144,06/03/2015,59,49,39,41,37,34,80,63,41,30.45,30.39,30.35,10,10,9,6,1,9.26,0,Rain,9,2,3,2015
145,07/03/2015,62,50,37,42,39,33,87,66,42,30.37,30.31,30.24,10,10,9,8,2,9.26,0,Rain,10,2,3,2015
146,08/03/2015,63,50,37,43,40,34,89,67,43,30.26,30.19,30.11,10,10,9,9,1,9.26,0,Rain,10,2,3,2015
147,09/03/2015,57,49,41,44,41,36,86,73,59,30.14,30.1,30.06,10,10,8,12,3,9.26,0,Rain,9,2,3,2015
148,10/03/2015,60,50,44,48,42,38,93,76,55,30.04,29.93,29.78,10,5,0,9,4,17,0,Rain,10,2,3,2015
149,11/03/2015,62,56,51,50,48,46,86,75,60,30.16,29.98,29.87,10,10,8,9,6,9.26,0.09,Rain,13,2,3,2015
150,12/03/2015,66,60,53,49,47,42,82,66,43,30.43,30.33,30.19,10,10,10,12,8,18,0,Sunny,15,6,3,2015
151,13/03/2015,66,59,52,49,45,42,74,63,42,30.32,30.1,29.94,10,10,7,12,2,9.26,0.04,Sunny,15,6,3,2015
152,14/03/2015,61,58,54,54,49,43,88,76,64,29.99,29.9,29.77,10,8,4,15,7,28,0.54,Sunny,14,6,3,2015
153,15/03/2015,54,50,46,47,44,41,87,84,72,30.12,29.8,29.62,10,5,1,9,4,9.26,2.2,Rain,10,2,3,2015
154,16/03/2015,57,52,46,43,42,40,86,71,53,30.27,30.19,30.09,10,10,10,12,4,16,0,Rain,11,2,3,2015
155,17/03/2015,60,51,43,46,42,38,85,73,53,30.22,30.1,30.05,10,10,6,12,3,18,0.03,Rain,10,2,3,2015
156,18/03/2015,63,54,46,44,42,39,83,64,44,30.31,30.26,30.21,10,10,10,7,4,9.26,0,Rain,12,2,3,2015
157,19/03/2015,63,56,48,49,43,41,80,63,46,30.2,30.1,30.02,10,10,10,8,4,9.26,0.01,Rain,13,2,3,2015
158,20/03/2015,60,56,51,48,47,44,86,74,57,30,29.93,29.88,10,10,5,6,2,9.26,0.12,Rain,13,2,3,2015
159,21/03/2015,59,55,50,48,44,37,80,67,51,30.11,30.04,29.89,10,10,7,17,9,36,0.13,Rain,12,2,3,2015
160,22/03/2015,55,49,43,47,43,39,86,76,64,30.09,29.99,29.95,10,9,2,9,2,9.26,0.07,Rain,9,2,3,2015
161,23/03/2015,54,48,42,45,41,39,93,81,66,29.99,29.95,29.91,10,7,0,13,4,22,0.2,"Fog, Rain",8,1,3,2015
162,24/03/2015,59,52,46,43,41,39,86,72,53,30.26,30.12,29.9,10,9,5,15,4,17,0.27,Rain,11,2,3,2015
163,25/03/2015,61,54,48,54,48,42,88,78,69,30.3,30.24,30.2,10,9,5,14,7,25,0.15,Rain,12,2,3,2015
164,26/03/2015,72,62,52,52,49,45,86,67,39,30.3,30.23,30.13,10,10,10,10,5,9.26,0,Sunny,16,6,3,2015
165,27/03/2015,69,59,50,52,48,46,86,70,50,30.12,30.02,29.95,10,10,9,15,4,24,0.01,Sunny,15,6,3,2015
166,28/03/2015,64,58,52,46,43,39,77,63,46,30.35,30.23,30.05,10,10,10,16,13,26,0,Sunny,14,6,3,2015
167,29/03/2015,63,57,51,49,44,41,80,63,50,30.33,30.23,30.15,10,10,10,12,7,18,0,Rain,13,2,3,2015
168,30/03/2015,66,60,55,49,47,44,77,64,45,30.14,30,29.84,10,10,8,10,7,16,0.02,Sunny,15,6,3,2015
169,31/03/2015,57,50,46,48,41,38,86,72,55,30.21,30.06,29.84,10,9,3,15,7,22,0.31,Rain,10,2,3,2015
170,01/04/2015,57,50,44,44,40,36,93,73,49,30.34,30.27,30.22,10,10,10,14,5,9.26,0.05,Rain,10,2,4,2015
171,02/04/2015,59,50,43,42,38,33,90,66,39,30.43,30.37,30.32,10,10,6,7,3,9.26,0,Rain,10,2,4,2015
172,03/04/2015,55,49,44,43,39,37,76,68,53,30.31,30.2,30.15,10,9,5,16,7,23,0.05,Rain,9,2,4,2015
173,04/04/2015,57,48,39,37,34,25,83,58,31,30.16,30.08,29.93,10,10,10,9,4,9.26,0,Rain,8,2,4,2015
174,05/04/2015,63,50,39,39,34,28,79,56,28,29.92,29.76,29.64,10,10,10,8,2,9.26,0,Rain,10,2,4,2015
175,06/04/2015,60,52,46,40,37,31,74,58,35,29.86,29.81,29.72,10,10,10,12,6,9.26,0,Rain,11,2,4,2015
176,07/04/2015,59,54,48,44,40,38,71,63,47,29.93,29.86,29.82,10,10,10,14,4,9.26,0.01,Rain,12,2,4,2015
177,08/04/2015,64,54,46,44,40,37,77,62,39,30.15,30.07,29.94,10,10,10,10,3,9.26,0,Rain,12,2,4,2015
178,09/04/2015,66,54,45,44,40,36,80,61,34,30.16,30.08,29.96,10,10,10,14,5,20,0,Rain,12,2,4,2015
179,10/04/2015,60,54,48,46,42,37,82,68,45,29.96,29.87,29.78,10,9,4,15,6,25,0.52,Rain,12,2,4,2015
180,11/04/2015,55,50,44,45,38,33,82,65,51,30.13,29.95,29.78,10,10,7,15,8,25,0.02,Rain,10,2,4,2015
181,12/04/2015,59,52,46,39,36,32,71,57,41,30.23,30.17,30.04,10,10,10,10,6,17,0,Rain,11,2,4,2015
182,13/04/2015,54,48,42,50,42,38,100,80,57,30.04,29.95,29.88,10,8,3,13,4,9.26,0.46,Rain,8,2,4,2015
183,14/04/2015,55,47,39,43,39,34,100,78,44,30.46,30.25,30.05,10,10,8,13,8,9.26,0.05,Rain,8,2,4,2015
184,15/04/2015,59,49,39,38,34,26,83,57,28,30.57,30.51,30.46,10,10,10,7,4,9.26,0,Rain,9,2,4,2015
185,16/04/2015,64,52,41,41,37,35,79,56,37,30.47,30.34,30.22,10,10,10,10,2,18,0,Rain,11,2,4,2015
186,17/04/2015,68,56,46,46,42,33,77,57,28,30.32,30.25,30.22,10,10,10,12,3,21,0,Rain,13,2,4,2015
187,18/04/2015,68,57,48,45,41,33,77,55,28,30.38,30.31,30.24,10,10,10,9,2,9.26,0,Rain,13,2,4,2015
188,19/04/2015,69,58,46,45,43,39,81,56,37,30.24,30.13,29.98,10,10,10,10,2,17,0,Sunny,14,6,4,2015
189,20/04/2015,73,60,48,46,42,34,77,50,25,29.98,29.91,29.83,10,10,10,10,2,9.26,0,Sunny,15,6,4,2015
190,21/04/2015,64,56,46,48,44,40,82,68,52,30.13,29.98,29.87,10,9,5,12,3,9.26,0.16,Rain,13,2,4,2015
191,22/04/2015,62,52,43,40,37,24,86,62,24,30.2,30.14,30.06,10,10,10,9,5,17,0,Rain,11,2,4,2015
192,23/04/2015,55,50,46,44,38,34,80,64,50,30.05,29.89,29.78,10,9,5,14,7,20,0.1,Rain,10,2,4,2015
193,24/04/2015,57,52,46,42,40,39,79,70,55,29.89,29.82,29.77,10,9,2,17,10,24,0.15,Rain,11,2,4,2015
194,25/04/2015,57,52,46,41,38,34,79,62,44,30.1,29.98,29.9,10,10,10,9,2,9.26,0.01,Rain,11,2,4,2015
195,26/04/2015,61,52,42,47,39,36,80,62,46,30.26,30.2,30.11,10,10,10,9,5,9.26,0,Rain,11,2,4,2015
196,27/04/2015,78,66,53,52,50,48,88,66,37,30.27,30.14,29.9,10,10,8,10,6,9.26,0,Sunny,18,6,4,2015
197,28/04/2015,63,56,51,52,48,44,83,73,60,30.18,30.09,29.91,10,9,3,14,6,20,0.11,Rain,13,2,4,2015
198,29/04/2015,64,56,48,46,42,37,82,64,42,30.29,30.24,30.18,10,10,10,12,6,28,0.01,Rain,13,2,4,2015
199,30/04/2015,64,57,50,44,41,35,74,57,35,30.33,30.25,30.14,10,10,10,9,5,9.26,0,Rain,13,2,4,2015
200,01/05/2015,64,59,54,46,44,40,72,58,45,30.13,30.06,30,10,10,10,9,4,9.26,0,Sunny,15,6,5,2015
201,02/05/2015,66,58,51,42,38,31,71,51,27,30.1,30.05,29.99,10,10,10,10,4,17,0,Sunny,14,6,5,2015
202,03/05/2015,69,57,45,42,37,29,80,49,22,30.02,29.96,29.88,10,10,10,9,3,9.26,0,Rain,13,2,5,2015
203,04/05/2015,64,55,46,44,41,39,77,59,41,29.99,29.93,29.88,10,10,10,14,6,28,0,Rain,12,2,5,2015
204,05/05/2015,62,54,48,46,42,39,82,68,47,30.12,30.05,29.99,10,9,7,14,8,24,0.18,Rain,12,2,5,2015
205,06/05/2015,64,56,48,44,40,34,83,62,33,30.15,30.12,30.09,10,10,10,12,3,20,0,Rain,13,2,5,2015
206,07/05/2015,70,58,46,43,39,34,80,52,27,30.17,30.11,30.03,10,10,10,10,3,20,0,Sunny,14,6,5,2015
207,08/05/2015,75,62,48,46,40,28,77,47,20,30.07,30.02,29.96,10,10,10,10,2,16,0,Sunny,16,6,5,2015
208,09/05/2015,80,66,51,46,39,32,74,42,19,30.1,30.06,30.01,10,10,10,6,2,9.26,0,Sunny,18,6,5,2015
209,10/05/2015,69,62,55,50,47,39,72,59,43,30.08,30.04,30.01,10,10,10,8,3,9.26,0,Sunny,16,6,5,2015
210,11/05/2015,59,56,53,50,47,45,82,71,64,30.05,29.99,29.89,10,10,5,9,5,9.26,0,Rain,13,2,5,2015
211,12/05/2015,62,58,55,52,49,47,88,75,60,29.87,29.85,29.83,10,10,6,13,4,17,0.11,Sunny,14,6,5,2015
212,13/05/2015,57,54,53,50,48,46,86,78,69,29.94,29.89,29.85,10,9,6,10,7,9.26,0.14,Rain,12,2,5,2015
213,14/05/2015,66,60,53,49,47,45,86,72,47,29.93,29.9,29.83,10,9,6,7,1,9.26,0,Sunny,15,6,5,2015
214,15/05/2015,69,60,53,51,48,45,83,69,45,29.95,29.88,29.85,10,10,6,10,2,9.26,0.01,Sunny,15,6,5,2015
215,16/05/2015,62,58,55,49,48,46,72,67,60,30.05,29.99,29.95,10,10,10,9,6,9.26,0,Sunny,14,6,5,2015
216,17/05/2015,69,62,55,50,48,46,74,64,49,30.08,30.06,30.04,10,10,10,8,2,9.26,0,Sunny,16,6,5,2015
217,18/05/2015,78,66,55,52,49,47,75,56,34,30.08,30.05,29.99,10,10,10,9,3,9.26,0,Sunny,18,6,5,2015
218,19/05/2015,75,65,57,54,52,50,82,67,46,30.12,30.07,29.99,10,10,10,7,2,9.26,0,Sunny,18,6,5,2015
219,20/05/2015,73,64,54,54,51,49,86,68,45,30.04,29.96,29.85,10,9,3,7,4,9.26,0,Sunny,17,6,5,2015
220,21/05/2015,81,68,57,56,52,50,75,57,40,29.88,29.85,29.81,10,10,10,7,2,9.26,0,Sunny,20,6,5,2015
221,22/05/2015,64,60,57,51,50,48,77,70,63,30.09,29.99,29.9,10,10,10,9,6,9.26,0,Sunny,15,6,5,2015
222,23/05/2015,64,59,55,51,49,48,77,70,62,30.19,30.16,30.09,10,10,10,8,5,9.26,0,Sunny,15,6,5,2015
223,24/05/2015,66,60,55,51,49,48,77,67,58,30.18,30.1,30.01,10,10,10,8,5,9.26,0,Sunny,15,6,5,2015
224,25/05/2015,62,58,55,50,48,47,77,68,62,30.03,30.02,30,10,10,10,9,6,9.26,0,Sunny,14,6,5,2015
225,26/05/2015,72,64,57,52,50,47,75,61,42,30.06,30.03,30.01,10,10,10,9,4,9.26,0,Sunny,17,6,5,2015
226,27/05/2015,78,67,57,54,52,51,82,60,42,30.08,30.04,30,10,10,10,7,2,9.26,0,Sunny,19,6,5,2015
227,28/05/2015,82,70,57,54,52,50,78,55,34,30.09,30.03,29.98,10,10,10,9,2,9.26,0,Sunny,21,6,5,2015
228,29/05/2015,82,71,61,57,53,49,75,56,38,30,29.95,29.88,10,10,10,10,2,9.26,0,Sunny,21,6,5,2015
229,30/05/2015,75,63,53,49,47,45,77,59,37,29.99,29.94,29.88,10,10,10,10,5,9.26,0,Sunny,17,6,5,2015
230,31/05/2015,75,65,57,52,49,46,77,59,40,29.94,29.85,29.77,10,10,10,10,4,16,0,Sunny,18,6,5,2015
231,01/06/2015,64,60,57,53,50,47,83,71,56,29.95,29.9,29.79,10,10,5,14,5,17,0.09,Sunny,15,6,6,2015
232,02/06/2015,66,60,57,52,50,48,81,68,56,30.07,30.02,29.95,10,10,10,12,8,20,0,Sunny,15,6,6,2015
233,03/06/2015,69,62,57,50,48,46,74,62,47,30.08,30.06,30.03,10,10,10,9,5,9.26,0,Sunny,16,6,6,2015
234,04/06/2015,73,65,57,49,46,44,64,53,39,30.14,30.11,30.08,10,10,10,12,3,18,0,Sunny,18,6,6,2015
235,05/06/2015,80,68,57,51,48,44,70,48,30,30.14,30.08,30.01,10,10,10,12,3,20,0,Sunny,20,6,6,2015
236,06/06/2015,84,72,59,53,50,46,65,46,29,30.06,30.01,29.96,10,10,10,10,3,17,0,Sunny,22,6,6,2015
237,07/06/2015,88,74,61,52,50,45,70,43,23,30.04,30.01,29.97,10,10,10,12,4,9.26,0,Sunny,23,6,6,2015
238,08/06/2015,86,73,60,54,48,31,75,44,17,30.02,29.97,29.91,10,10,10,10,3,18,0,Sunny,22,6,6,2015
239,09/06/2015,86,72,61,49,43,30,60,36,17,29.98,29.92,29.85,10,10,10,9,3,9.26,0,Sunny,22,6,6,2015
240,10/06/2015,81,68,55,51,48,46,75,51,30,30.02,29.96,29.91,10,10,10,8,5,9.26,0,Sunny,20,6,6,2015
241,11/06/2015,79,66,55,50,48,45,75,55,34,30.15,30.1,30.03,10,10,10,9,5,20,0,Sunny,18,6,6,2015
242,12/06/2015,70,64,57,46,44,39,67,52,35,30.2,30.16,30.11,10,10,10,8,5,9.26,0,Sunny,17,6,6,2015
243,13/06/2015,75,64,52,48,44,37,77,49,24,30.13,30.07,30,10,10,10,8,3,9.26,0,Sunny,17,6,6,2015
244,14/06/2015,81,69,57,48,45,41,72,44,25,30.05,29.98,29.9,10,10,10,10,3,17,0,Sunny,20,6,6,2015
245,15/06/2015,86,72,61,48,45,39,60,38,20,29.96,29.92,29.86,10,10,10,10,3,9.26,0,Sunny,22,6,6,2015
246,16/06/2015,73,64,55,49,46,39,75,55,29,30.13,30.08,29.98,10,10,10,10,5,9.26,0,Sunny,17,6,6,2015
247,17/06/2015,78,67,57,49,45,35,70,49,23,30.11,30.06,29.99,10,10,10,8,3,9.26,0,Sunny,19,6,6,2015
248,18/06/2015,80,70,62,52,46,42,70,46,28,30.05,29.99,29.95,10,10,10,9,3,9.26,0,Sunny,21,6,6,2015
249,19/06/2015,75,66,59,55,51,45,81,61,38,30.14,30.11,30.06,10,9,4,10,4,9.26,0.07,Sunny,18,6,6,2015
250,20/06/2015,77,66,57,47,43,36,62,44,23,30.14,30.06,29.96,10,10,10,10,4,17,0,Sunny,18,6,6,2015
251,21/06/2015,81,70,60,49,45,38,64,44,22,30.01,29.93,29.91,10,10,10,9,4,9.26,0,Sunny,21,6,6,2015
252,22/06/2015,78,67,57,50,48,45,77,53,33,30.12,30.08,30.03,10,10,10,12,5,9.26,0,Sunny,19,6,6,2015
253,23/06/2015,81,68,55,50,45,33,72,47,19,30.17,30.11,30.03,10,10,10,9,2,9.26,0,Sunny,20,6,6,2015
254,24/06/2015,79,72,66,54,51,47,59,47,33,30.1,30.07,30.04,10,10,10,8,2,9.26,0,Sunny,22,6,6,2015
255,25/06/2015,88,76,64,57,52,45,73,47,25,30.15,30.11,30.07,10,10,10,9,2,20,0,Sunny,24,6,6,2015
256,26/06/2015,88,76,66,58,57,55,73,51,35,30.11,30.04,29.94,10,10,10,10,5,21,0,Sunny,24,6,6,2015
257,27/06/2015,91,78,66,56,54,48,68,44,27,30,29.94,29.89,10,10,10,12,3,21,0,Sunny,25,6,6,2015
258,28/06/2015,82,76,70,59,56,49,61,49,34,30.01,29.94,29.91,10,10,10,8,2,9.26,0,Sunny,24,6,6,2015
259,29/06/2015,88,78,69,61,59,57,75,54,37,30.05,29.97,29.91,10,10,9,10,4,9.26,0.01,Sunny,25,6,6,2015
260,30/06/2015,88,75,62,59,56,48,82,59,30,30.12,30.07,30,10,10,10,7,4,9.26,0,Sunny,23,6,6,2015
261,01/07/2015,89,76,64,56,54,50,68,46,31,30.06,30,29.93,10,10,10,12,4,20,0,Sunny,24,6,7,2015
262,02/07/2015,91,80,68,54,53,50,61,40,26,30.02,29.97,29.91,10,10,10,10,3,16,0,Sunny,26,6,7,2015
263,03/07/2015,93,80,68,55,53,49,59,40,23,29.96,29.9,29.82,10,10,9,9,4,9.26,0,Sunny,26,6,7,2015
264,04/07/2015,91,77,63,55,48,36,70,39,15,29.89,29.83,29.76,10,10,10,10,3,9.26,0,Sunny,25,6,7,2015
265,05/07/2015,91,78,66,54,49,43,61,37,21,29.88,29.82,29.79,10,10,7,10,3,9.26,0,Sunny,25,6,7,2015
266,06/07/2015,88,74,63,55,53,48,70,49,27,30.01,29.97,29.91,10,10,10,9,5,9.26,0,Sunny,23,6,7,2015
267,07/07/2015,81,70,61,55,53,52,72,58,39,30.07,29.99,29.88,10,10,10,8,6,9.26,0,Sunny,21,6,7,2015
268,08/07/2015,86,74,63,56,54,51,72,53,30,29.92,29.83,29.71,10,8,5,8,3,9.26,0,Sunny,23,6,7,2015
269,09/07/2015,86,73,62,59,57,54,78,60,40,29.78,29.74,29.66,10,10,7,9,3,9.26,0,Sunny,22,6,7,2015
270,10/07/2015,73,68,64,56,54,53,73,62,49,29.88,29.85,29.78,10,10,10,13,8,18,0,Sunny,20,6,7,2015
271,11/07/2015,73,68,64,56,54,52,70,60,48,29.98,29.92,29.87,10,10,10,9,6,9.26,0,Sunny,20,6,7,2015
272,12/07/2015,82,72,64,57,54,50,75,57,34,30.03,30,29.97,10,10,10,10,6,17,0,Sunny,22,6,7,2015
273,13/07/2015,79,72,66,57,55,51,70,58,42,30.09,30.05,30.01,10,10,10,13,4,9.26,0,Sunny,22,6,7,2015
274,14/07/2015,82,72,64,51,49,45,60,46,29,30.08,30.03,29.96,10,10,10,9,4,16,0,Sunny,22,6,7,2015
275,15/07/2015,81,72,63,53,51,49,61,50,35,30.09,30.05,30.01,10,10,10,10,2,9.26,0,Sunny,22,6,7,2015
276,16/07/2015,81,72,64,54,50,46,65,49,31,30.15,30.12,30.09,10,10,10,9,4,9.26,0,Sunny,22,6,7,2015
277,17/07/2015,82,71,60,52,48,42,70,46,24,30.14,30.07,29.99,10,10,10,12,3,18,0,Sunny,21,6,7,2015
278,18/07/2015,91,78,66,54,49,41,59,38,17,30.03,29.97,29.9,10,10,10,12,3,17,0,Sunny,25,6,7,2015
279,19/07/2015,98,83,69,57,52,48,65,39,19,30,29.96,29.92,10,10,10,13,3,20,0,Sunny,28,6,7,2015
280,20/07/2015,82,74,66,58,54,53,75,57,38,30.07,30.02,29.97,10,10,10,13,8,21,0,Sunny,23,6,7,2015
281,21/07/2015,75,68,62,56,52,49,78,58,38,30.01,29.97,29.9,10,10,4,9,3,9.26,0.13,Sunny,20,6,7,2015
282,22/07/2015,77,68,61,52,50,48,70,55,37,29.96,29.92,29.86,10,10,10,10,4,9.26,0,Sunny,20,6,7,2015
283,23/07/2015,81,71,62,51,50,48,65,51,32,30.02,29.97,29.91,10,10,10,7,2,9.26,0,Sunny,21,6,7,2015
284,24/07/2015,77,67,59,59,53,50,76,60,44,30.1,30.06,30.02,10,10,7,13,6,24,0.01,Sunny,19,6,7,2015
285,25/07/2015,70,66,62,61,54,49,88,67,52,30.08,30.05,30.02,10,10,5,12,4,16,0.02,Sunny,18,6,7,2015
286,26/07/2015,73,66,60,56,52,49,80,66,45,30.1,30.07,30.04,10,10,4,8,2,9.26,0.1,Sunny,18,6,7,2015
287,27/07/2015,77,65,55,54,51,45,84,61,34,30.23,30.18,30.11,10,10,6,7,2,9.26,0.01,Sunny,18,6,7,2015
288,28/07/2015,82,72,61,53,51,47,72,52,29,30.29,30.23,30.17,10,10,10,9,3,9.26,0,Sunny,22,6,7,2015
289,29/07/2015,89,75,62,55,51,48,75,46,26,30.2,30.14,30.07,10,10,9,10,3,18,0,Sunny,23,6,7,2015
290,30/07/2015,91,78,66,54,50,44,63,38,21,30.11,30.06,30,10,10,10,9,3,16,0,Sunny,25,6,7,2015
291,31/07/2015,93,80,68,52,46,38,55,33,15,30.09,30.03,29.96,10,10,10,9,3,9.26,0,Sunny,26,6,7,2015
292,01/08/2015,91,77,64,51,47,42,56,35,19,30.02,29.96,29.89,10,10,4,12,3,9.26,0,Sunny,25,6,8,2015
293,02/08/2015,90,77,64,55,52,47,67,45,23,29.95,29.91,29.86,10,10,10,8,2,9.26,0,Sunny,25,6,8,2015
294,03/08/2015,84,76,68,55,53,51,61,48,37,29.95,29.9,29.87,10,10,9,12,2,9.26,0,Sunny,24,6,8,2015
295,04/08/2015,81,70,61,56,52,48,78,57,34,30.02,29.99,29.94,10,10,10,10,5,9.26,0,Sunny,21,6,8,2015
296,05/08/2015,75,65,57,53,51,50,75,61,44,30.1,30.07,30.02,10,10,10,8,3,18,0,Sunny,18,6,8,2015
297,06/08/2015,79,70,62,52,50,47,70,52,34,30.14,30.09,30.02,10,10,10,8,4,9.26,0,Sunny,21,6,8,2015
298,07/08/2015,84,72,62,57,52,47,70,52,28,30.02,29.94,29.85,10,10,10,8,2,9.26,0,Sunny,22,6,8,2015
299,08/08/2015,80,70,62,59,57,55,84,67,45,29.96,29.89,29.87,10,10,10,13,5,20,0,Sunny,21,6,8,2015
300,09/08/2015,84,72,61,56,52,47,78,53,28,30.01,29.96,29.9,10,10,10,12,5,9.26,0,Sunny,22,6,8,2015
301,10/08/2015,84,75,66,57,52,49,73,47,29,29.96,29.92,29.87,10,10,10,12,3,9.26,0,Sunny,23,6,8,2015
302,11/08/2015,87,76,66,55,54,50,68,47,30,29.98,29.93,29.86,10,10,10,10,3,9.26,0,Sunny,24,6,8,2015
303,12/08/2015,84,75,66,61,56,54,65,52,35,29.99,29.94,29.9,10,10,7,7,2,9.26,0.04,Sunny,23,6,8,2015
304,13/08/2015,84,74,63,59,57,54,81,60,39,30.05,29.99,29.9,10,10,10,10,6,9.26,0,Sunny,23,6,8,2015
305,14/08/2015,68,65,62,57,56,54,84,75,65,30.15,30.01,29.92,10,8,4,14,7,26,0.57,Sunny,18,6,8,2015
306,15/08/2015,72,66,60,55,53,50,78,65,49,30.25,30.22,30.16,10,10,10,12,7,9.26,0,Sunny,18,6,8,2015
307,16/08/2015,78,68,60,53,52,50,75,58,39,30.27,30.21,30.14,10,10,10,12,3,16,0,Sunny,20,6,8,2015
308,17/08/2015,81,70,60,55,52,47,78,53,30,30.15,30.1,30.04,10,10,10,12,2,18,0,Sunny,21,6,8,2015
309,18/08/2015,84,74,64,57,55,54,70,53,37,30.06,30,29.91,10,10,10,10,3,20,0,Sunny,23,6,8,2015
310,19/08/2015,91,78,64,57,54,48,75,49,23,29.93,29.88,29.79,10,10,10,7,2,9.26,0,Sunny,25,6,8,2015
311,20/08/2015,75,68,61,57,53,48,82,64,38,29.97,29.92,29.87,10,9,2,10,7,18,0,Sunny,20,6,8,2015
312,21/08/2015,75,66,60,51,49,44,68,56,35,30.07,29.98,29.91,10,10,10,9,6,9.26,0,Sunny,18,6,8,2015
313,22/08/2015,79,68,57,52,49,46,75,55,32,30.12,30.05,29.96,10,10,10,7,2,9.26,0,Sunny,20,6,8,2015
314,23/08/2015,82,70,59,53,49,44,72,49,27,29.98,29.95,29.91,10,8,3,6,1,9.26,0,Sunny,21,6,8,2015
315,24/08/2015,77,66,57,50,48,43,74,51,38,30.07,30.03,29.99,10,10,10,10,4,9.26,0,Sunny,18,6,8,2015
316,25/08/2015,78,68,57,49,45,39,65,45,25,30.11,30.05,29.99,10,10,10,12,2,17,0,Sunny,20,6,8,2015
317,26/08/2015,84,71,60,51,46,40,67,44,23,30.04,29.99,29.95,10,10,10,6,1,9.26,0,Sunny,21,6,8,2015
318,27/08/2015,87,74,62,52,48,39,63,41,22,30.09,30.02,29.94,10,10,10,8,3,9.26,0,Sunny,23,6,8,2015
319,28/08/2015,75,70,64,58,54,42,78,56,32,30.01,29.9,29.68,10,10,10,13,6,18,0.01,Sunny,21,6,8,2015
320,29/08/2015,75,66,60,60,56,50,96,70,44,29.78,29.67,29.5,10,8,3,23,8,39,0.18,Sunny,18,6,8,2015
321,30/08/2015,72,65,59,60,55,50,100,75,51,30,29.9,29.75,10,9,3,13,8,18,0.24,Sunny,18,6,8,2015
322,31/08/2015,68,66,64,58,53,49,78,64,54,29.99,29.95,29.9,10,10,10,15,11,25,0.06,Sunny,18,6,8,2015
323,01/09/2015,68,64,62,58,56,53,84,76,63,29.9,29.84,29.78,10,7,1,15,9,25,0.17,Sunny,17,6,9,2015
324,02/09/2015,70,63,57,53,50,46,81,65,44,29.96,29.89,29.78,10,10,10,13,7,18,0.02,Sunny,17,6,9,2015
325,03/09/2015,69,60,53,50,47,42,83,65,40,30.03,30,29.96,10,10,10,10,3,25,0,Sunny,15,6,9,2015
326,04/09/2015,66,60,54,49,47,46,80,68,48,30.02,30,29.98,10,10,10,8,2,9.26,0,Sunny,15,6,9,2015
327,05/09/2015,69,58,48,52,48,44,86,68,50,30.13,30.09,30.02,10,10,10,14,5,21,0.06,Sunny,14,6,9,2015
328,06/09/2015,63,58,55,54,51,49,88,75,65,30.16,30.12,30.08,10,10,5,10,5,9.26,0.19,Sunny,14,6,9,2015
329,07/09/2015,73,66,59,54,52,46,83,66,39,30.22,30.18,30.15,10,10,9,10,1,9.26,0,Sunny,18,6,9,2015
330,08/09/2015,75,67,59,58,54,50,78,67,55,30.17,30.11,30.06,10,10,8,13,6,9.26,0,Sunny,19,6,9,2015
331,09/09/2015,78,69,60,57,55,49,83,64,37,30.09,30.07,30.04,10,10,10,8,2,9.26,0,Sunny,20,6,9,2015
332,10/09/2015,75,68,61,57,56,55,83,67,50,30.12,30.08,30.02,10,10,6,12,3,16,0.01,Sunny,20,6,9,2015
333,11/09/2015,82,72,62,58,56,54,80,60,42,30.07,30.03,29.96,10,10,10,8,2,9.26,0,Sunny,22,6,9,2015
334,12/09/2015,81,71,62,57,55,53,78,60,40,30.04,29.99,29.95,10,10,10,10,2,16,0,Sunny,21,6,9,2015
335,13/09/2015,72,66,59,58,53,45,86,69,41,29.99,29.95,29.9,10,8,1,12,4,9.26,0.03,Sunny,18,6,9,2015
336,14/09/2015,64,58,53,47,45,42,74,61,48,29.89,29.81,29.73,10,10,9,9,7,9.26,0,Sunny,14,6,9,2015
337,15/09/2015,66,59,52,47,44,42,72,61,42,29.84,29.81,29.78,10,10,10,10,7,9.26,0,Sunny,15,6,9,2015
338,16/09/2015,70,60,50,55,46,44,83,59,41,29.88,29.84,29.82,10,10,8,8,4,9.26,0.04,Sunny,15,6,9,2015
339,17/09/2015,68,62,57,57,54,51,84,77,65,30.1,29.94,29.83,10,10,3,12,3,18,0.58,Sunny,16,6,9,2015
340,18/09/2015,70,64,57,55,52,50,82,67,51,30.13,30.09,30.04,10,10,10,9,5,9.26,0.01,Sunny,17,6,9,2015
341,19/09/2015,73,66,60,59,55,53,78,69,55,30.05,30.01,29.95,10,10,10,14,7,22,0,Sunny,18,6,9,2015
342,20/09/2015,75,66,57,61,58,51,86,73,55,29.97,29.92,29.87,10,9,2,17,11,26,0.09,Sunny,18,6,9,2015
343,21/09/2015,66,60,55,52,47,41,81,61,40,30.1,30.04,29.98,10,10,10,8,2,9.26,0,Sunny,15,6,9,2015
344,22/09/2015,68,57,46,47,43,36,83,60,31,30.04,30.01,29.97,10,10,10,10,2,9.26,0,Rain,13,2,9,2015
345,23/09/2015,71,60,48,47,45,42,80,59,39,30.06,30.03,29.99,10,10,10,8,3,9.26,0,Sunny,15,6,9,2015
346,24/09/2015,75,64,54,53,50,47,77,59,44,30.04,29.99,29.96,10,10,10,10,3,16,0,Sunny,17,6,9,2015
347,25/09/2015,63,61,59,54,52,45,82,73,57,30.07,30.04,30.01,10,10,8,10,4,9.26,0.03,Sunny,16,6,9,2015
348,26/09/2015,64,60,55,47,45,39,72,59,43,30.2,30.16,30.08,10,10,10,8,2,9.26,0,Sunny,15,6,9,2015
349,27/09/2015,64,55,46,46,44,39,83,65,41,30.22,30.16,30.09,10,10,10,10,3,20,0,Rain,12,2,9,2015
350,28/09/2015,69,61,53,50,47,45,77,64,49,30.09,30.01,29.93,10,10,10,9,3,9.26,0,Sunny,16,6,9,2015
351,29/09/2015,73,62,53,50,48,45,83,62,40,29.96,29.93,29.89,10,10,10,8,1,9.26,0,Sunny,16,6,9,2015
352,30/09/2015,68,60,53,52,50,47,89,76,57,30.04,30,29.95,10,8,3,8,3,9.26,0,Sunny,15,6,9,2015
353,01/10/2015,70,60,51,54,50,46,90,74,47,30.13,30.04,29.98,10,7,0,7,1,9.26,0.01,Sunny,15,6,10,2015
354,02/10/2015,62,58,53,52,51,48,89,77,67,30.22,30.17,30.07,10,8,3,13,3,9.26,0,Sunny,14,6,10,2015
355,03/10/2015,68,62,55,50,45,40,77,58,40,30.09,30.05,30.01,10,10,10,8,5,9.26,0,Sunny,16,6,10,2015
356,04/10/2015,72,62,54,48,46,42,80,57,38,30,29.93,29.86,10,10,10,9,3,9.26,0,Sunny,16,6,10,2015
357,05/10/2015,73,62,52,50,48,44,77,62,45,29.91,29.88,29.86,10,10,10,7,1,9.26,0,Sunny,16,6,10,2015
358,06/10/2015,66,60,54,53,50,47,83,70,51,30.09,30,29.9,10,10,10,13,4,18,0.01,Sunny,15,6,10,2015
359,07/10/2015,62,60,59,57,55,53,87,81,72,30.17,30.12,30.08,10,8,3,9,5,9.26,0.38,Sunny,15,6,10,2015
360,08/10/2015,71,64,59,59,57,55,88,79,63,30.16,30.09,29.97,10,9,4,5,1,9.26,0,Sunny,17,6,10,2015
361,09/10/2015,70,62,55,59,55,50,94,77,63,29.97,29.94,29.9,10,7,0,9,4,9.26,0.01,Sunny,16,6,10,2015
362,10/10/2015,72,66,60,62,57,51,88,79,57,29.97,29.75,29.57,10,8,3,16,8,29,0.77,Sunny,18,6,10,2015
363,11/10/2015,66,60,54,51,49,46,84,69,50,30.21,30.12,30,10,10,10,10,5,9.26,0,Sunny,15,6,10,2015
364,12/10/2015,68,61,54,61,53,46,94,76,59,30.15,30.1,30.05,10,7,2,12,6,21,0.34,Sunny,16,6,10,2015
365,13/10/2015,63,58,54,54,52,47,88,79,65,30.27,30.22,30.15,10,8,2,9,2,9.26,0.07,Sunny,14,6,10,2015
366,14/10/2015,63,58,53,49,48,46,83,75,60,30.26,30.21,30.12,10,10,7,7,3,9.26,0,Sunny,14,6,10,2015
367,15/10/2015,68,60,53,50,48,46,86,70,47,30.12,30.04,29.96,10,10,9,7,2,9.26,0,Sunny,15,6,10,2015
368,16/10/2015,70,60,50,50,47,45,86,67,45,29.97,29.91,29.83,10,10,10,6,1,9.26,0.01,Sunny,15,6,10,2015
369,17/10/2015,68,62,57,56,53,50,86,76,61,29.95,29.89,29.84,10,10,8,6,1,9.26,0.04,Sunny,16,6,10,2015
370,18/10/2015,62,60,59,59,56,54,93,85,77,30.02,29.99,29.95,10,4,1,8,3,9.26,0.16,Sunny,15,6,10,2015
371,19/10/2015,66,62,57,56,54,53,86,76,63,30.15,30.01,29.94,10,10,5,10,4,9.26,0,Sunny,16,6,10,2015
372,20/10/2015,64,59,52,53,50,46,84,74,50,30.29,30.24,30.18,10,10,9,12,2,9.26,0,Sunny,15,6,10,2015
373,21/10/2015,64,57,50,53,49,45,93,79,65,30.19,30.15,30.12,10,9,1,9,2,9.26,0,Rain,13,2,10,2015
374,22/10/2015,62,55,48,49,46,42,93,74,50,30.29,30.26,30.19,10,8,0,8,1,9.26,0.01,Fog,12,0,10,2015
375,23/10/2015,59,52,48,47,45,43,83,74,60,30.25,30.16,30.04,10,9,3,7,2,9.26,0,Rain,11,2,10,2015
376,24/10/2015,60,55,51,47,46,45,83,77,64,30.04,29.96,29.87,10,8,5,8,2,9.26,0.01,Rain,12,2,10,2015
377,25/10/2015,66,57,50,54,49,46,90,77,54,29.86,29.73,29.65,10,9,2,14,4,29,0.35,Rain,13,2,10,2015
378,26/10/2015,57,55,53,54,51,48,93,83,72,30.05,29.97,29.82,10,7,2,14,11,21,0.09,Rain,12,2,10,2015
379,27/10/2015,60,54,48,50,48,46,90,79,67,30.05,29.99,29.93,10,10,3,12,2,9.26,0.01,Rain,12,2,10,2015
380,28/10/2015,59,56,54,54,51,47,89,80,72,29.99,29.95,29.9,10,9,2,12,3,9.26,0.1,Rain,13,2,10,2015
381,29/10/2015,62,60,57,54,52,50,83,77,69,30.06,30.02,29.96,10,10,10,13,7,9.26,0.02,Sunny,15,6,10,2015
382,30/10/2015,66,60,55,59,53,50,97,78,63,29.96,29.76,29.65,10,9,3,17,11,32,0.36,Sunny,15,6,10,2015
383,31/10/2015,63,59,55,58,54,49,94,82,75,29.71,29.65,29.57,10,8,2,21,11,34,0.99,Sunny,15,6,10,2015
384,01/11/2015,57,54,52,52,48,45,87,77,69,29.84,29.76,29.65,10,10,5,18,13,29,0.5,Rain,12,2,11,2015
385,02/11/2015,55,50,45,47,44,40,82,73,63,30.01,29.93,29.86,10,10,4,7,3,9.26,0.07,Rain,10,2,11,2015
386,03/11/2015,53,47,41,43,41,37,89,77,61,30.17,30.08,29.99,10,10,6,12,2,9.26,0.07,Rain,8,2,11,2015
387,04/11/2015,53,45,37,41,38,34,86,73,55,30.2,30.17,30.14,10,10,9,8,5,9.26,0,Rain,7,2,11,2015
388,05/11/2015,55,52,48,47,45,42,87,78,64,30.31,30.18,30.12,10,10,6,8,5,9.26,0.01,Rain,11,2,11,2015
389,06/11/2015,63,56,50,49,46,45,86,76,58,30.32,30.26,30.1,10,8,3,10,5,9.26,0.01,Rain,13,2,11,2015
390,07/11/2015,55,54,52,52,49,46,88,81,72,30.07,29.91,29.81,10,8,2,12,5,18,0.49,Rain,12,2,11,2015
391,08/11/2015,55,52,48,47,45,43,86,79,67,29.85,29.83,29.79,10,9,3,7,4,9.26,0.38,Rain,11,2,11,2015
392,09/11/2015,52,48,43,46,44,39,87,82,74,30.16,29.96,29.84,10,9,4,8,1,9.26,0.16,Rain,8,2,11,2015
393,10/11/2015,54,46,39,45,41,37,93,79,61,30.27,30.2,30.04,10,6,0,16,6,28,0.06,"Fog, Rain",7,1,11,2015
394,11/11/2015,55,50,43,48,40,37,89,70,55,30.36,30.26,30.05,10,10,10,15,8,31,0.05,Rain,10,2,11,2015
395,12/11/2015,54,48,43,50,41,34,100,74,55,30.36,30.13,29.89,10,8,2,28,9,36,0.24,Rain,8,2,11,2015
396,13/11/2015,60,56,51,55,52,46,94,86,72,29.88,29.84,29.81,10,6,1,24,15,38,1.31,Rain,13,2,11,2015
397,14/11/2015,51,48,46,46,43,41,86,82,80,29.82,29.72,29.54,10,6,3,8,3,9.26,1.64,Rain,8,2,11,2015
398,15/11/2015,48,44,37,41,37,34,86,77,61,30.07,29.74,29.53,10,8,3,12,5,21,0.75,Rain,6,2,11,2015
399,16/11/2015,52,44,36,46,38,31,89,79,64,30.15,30.02,29.85,10,10,9,15,7,24,0.09,Rain,6,2,11,2015
400,17/11/2015,61,54,46,57,49,37,88,81,66,30.01,29.76,29.5,10,8,2,23,12,38,0.74,Rain,12,2,11,2015
401,18/11/2015,51,45,39,42,38,35,83,70,61,30.28,30.22,30.05,10,10,9,9,5,9.26,0.03,Rain,7,2,11,2015
402,19/11/2015,50,44,37,44,37,31,97,74,50,30.43,30.21,30.1,10,10,10,12,3,21,0.08,Rain,6,2,11,2015
403,20/11/2015,50,42,35,36,33,30,93,72,48,30.56,30.49,30.43,10,9,4,6,2,9.26,0,Rain,5,2,11,2015
404,21/11/2015,51,44,36,32,29,27,76,60,41,30.42,30.35,30.24,10,10,10,7,2,9.26,0,Rain,6,2,11,2015
405,22/11/2015,50,42,34,34,32,29,82,69,50,30.23,30.09,29.97,10,10,10,6,1,9.26,0,Rain,5,2,11,2015
406,23/11/2015,46,40,33,43,35,28,93,82,66,29.96,29.85,29.73,10,7,4,9,5,9.26,0.12,Rain,4,2,11,2015
407,24/11/2015,48,44,41,41,32,24,86,63,41,30.14,29.9,29.71,10,8,4,16,6,28,0.21,Rain,6,2,11,2015
408,25/11/2015,48,42,35,31,24,18,76,51,32,30.38,30.28,30.16,10,10,10,7,4,9.26,0,Rain,5,2,11,2015
409,26/11/2015,52,41,30,33,29,26,82,65,38,30.47,30.43,30.38,10,10,10,7,2,9.26,0,Rain,5,2,11,2015
410,27/11/2015,48,39,30,32,28,24,85,68,46,30.43,30.39,30.35,10,10,7,8,1,9.26,0,Rain,3,2,11,2015
411,28/11/2015,46,36,26,31,26,21,86,75,50,30.36,30.29,30.22,10,8,2,6,1,9.26,0,Rain,2,2,11,2015
412,29/11/2015,39,34,30,34,31,25,93,87,79,30.24,30.21,30.16,3,1,0,7,2,9.26,0,Rain,1,2,11,2015
413,30/11/2015,44,36,28,36,29,26,93,81,53,30.17,30.14,30.09,10,4,0,8,3,9.26,0.01,"Fog, Rain",2,1,11,2015
414,01/12/2015,53,47,41,40,35,30,89,69,43,30.19,30.1,29.99,10,9,5,13,3,9.26,0.39,Rain,8,2,12,2015
415,02/12/2015,53,48,42,41,38,34,89,69,50,30.06,29.96,29.73,10,8,3,14,7,24,0.06,Rain,8,2,12,2015
416,03/12/2015,57,52,48,47,44,41,90,76,59,29.72,29.54,29.4,10,10,6,14,10,24,0.52,Rain,11,2,12,2015
417,04/12/2015,53,49,45,44,41,37,83,74,64,30.13,29.97,29.74,10,10,4,13,8,18,0.12,Rain,9,2,12,2015
418,05/12/2015,50,47,44,49,42,35,100,83,57,30.1,29.92,29.79,10,9,4,8,5,9.26,0.81,Rain,8,2,12,2015
419,06/12/2015,57,52,48,52,46,40,100,79,55,29.93,29.84,29.74,10,10,7,17,9,26,0.55,Rain,11,2,12,2015
420,07/12/2015,55,52,50,54,48,40,100,87,59,29.89,29.78,29.62,10,7,2,14,7,21,1.06,Rain,11,2,12,2015
421,08/12/2015,63,58,52,57,54,52,100,90,81,29.86,29.67,29.46,10,7,2,20,10,32,1.51,Sunny,14,6,12,2015
422,09/12/2015,57,52,46,53,45,41,87,75,62,29.85,29.67,29.44,10,9,3,17,11,37,0.56,Rain-Thunderstorm,11,5,12,2015
423,10/12/2015,55,50,46,45,41,35,86,72,49,29.49,29.32,29.15,10,9,5,22,12,38,0.63,Rain-Thunderstorm,10,5,12,2015
424,11/12/2015,52,48,43,43,41,39,90,81,61,29.84,29.65,29.49,10,10,10,7,2,9.26,0.01,Rain,8,2,12,2015
425,12/12/2015,51,48,44,44,42,40,93,84,68,29.88,29.61,29.37,10,8,4,22,8,36,0.56,Rain,8,2,12,2015
426,13/12/2015,48,46,45,43,41,39,87,78,71,29.89,29.62,29.47,10,10,7,30,14,38,0.11,Rain,7,2,12,2015
427,14/12/2015,48,42,36,40,36,33,89,75,58,30.33,30.14,29.91,10,10,9,9,3,9.26,0,Rain,5,2,12,2015
428,15/12/2015,46,40,33,37,34,32,97,80,56,30.35,30.29,30.16,10,6,0,10,6,9.26,0.02,"Fog, Rain",4,1,12,2015
429,16/12/2015,45,41,37,33,32,30,79,66,56,30.27,30.19,30.05,10,10,8,7,2,9.26,0.13,Rain,5,2,12,2015
430,17/12/2015,46,42,39,34,32,24,73,67,49,30.02,29.72,29.49,10,7,2,14,6,17,0.82,Rain,5,2,12,2015
431,18/12/2015,50,46,42,33,32,30,67,58,48,29.86,29.71,29.44,10,9,4,14,9,25,0.54,Rain,7,2,12,2015
432,19/12/2015,48,44,39,34,32,31,75,64,52,29.93,29.88,29.78,10,10,10,13,8,21,0.01,Rain,6,2,12,2015
433,20/12/2015,48,46,43,33,32,32,65,59,54,29.8,29.72,29.62,10,10,7,18,13,29,0.19,Rain,7,2,12,2015
434,21/12/2015,45,42,39,43,37,30,100,83,58,29.74,29.4,29.14,10,8,2,13,6,17,0.83,Rain,5,2,12,2015
435,22/12/2015,46,42,39,41,37,33,100,78,61,29.61,29.51,29.41,10,10,9,18,6,26,0.12,Rain,5,2,12,2015
436,23/12/2015,43,41,39,41,37,35,96,83,76,29.57,29.52,29.47,10,10,10,20,11,30,0.09,Rain,5,2,12,2015
437,24/12/2015,43,41,39,39,37,36,93,85,76,29.93,29.71,29.52,10,10,8,13,7,20,0.11,Rain,5,2,12,2015
438,25/12/2015,41,38,36,38,37,35,100,94,86,30.52,30.21,29.94,10,10,6,7,4,9.26,0.05,Rain,3,2,12,2015
439,26/12/2015,41,38,35,37,32,26,100,81,58,30.57,30.47,30.27,10,10,7,8,4,9.26,0,Rain,3,2,12,2015
440,27/12/2015,42,40,37,37,33,27,96,81,60,30.24,30.09,30.02,10,9,7,9,3,9.26,0.32,Rain,4,2,12,2015
441,28/12/2015,42,40,37,39,37,35,100,91,79,30.17,30.12,30.05,10,9,6,7,2,9.26,0.03,Rain,4,2,12,2015
442,29/12/2015,45,40,33,38,36,31,100,87,65,30.25,30.16,30.13,10,9,6,12,2,9.26,0,Rain,4,2,12,2015
443,30/12/2015,43,36,30,28,26,23,88,72,45,30.5,30.41,30.26,10,10,10,7,1,9.26,0,Rain,2,2,12,2015
444,31/12/2015,43,35,27,27,23,22,89,70,43,30.58,30.53,30.51,10,10,10,6,1,9.26,0,Rain,1,2,12,2015
445,01/01/2016,44,34,25,30,25,21,92,76,43,30.49,30.38,30.27,10,10,6,5,1,9.26,0,Rain,1,2,1,2016
446,02/01/2016,44,34,23,30,23,13,96,73,33,30.26,30.19,30.11,10,9,6,8,2,9.26,0,Rain,1,2,1,2016
447,03/01/2016,39,34,28,34,26,14,87,67,35,30.09,29.96,29.86,10,9,3,14,4,9.26,0.01,Rain-Snow,1,4,1,2016
448,04/01/2016,39,38,37,34,33,32,87,83,76,29.84,29.77,29.67,10,6,2,8,1,9.26,0.07,Rain,3,2,1,2016
449,05/01/2016,44,40,37,39,33,32,100,73,63,29.6,29.58,29.56,10,8,5,5,1,9.26,0.11,Rain,4,2,1,2016
450,06/01/2016,51,43,35,42,39,35,100,90,66,29.76,29.65,29.59,10,9,2,7,1,9.26,0,Rain,6,2,1,2016
451,07/01/2016,45,38,32,41,37,32,100,93,81,30.03,29.91,29.77,10,6,0,6,2,9.26,0,Rain,3,2,1,2016
452,08/01/2016,48,39,30,42,38,30,100,93,74,30.08,30.04,30.01,10,6,0,7,1,9.26,0,Rain,3,2,1,2016
453,09/01/2016,48,39,30,41,36,30,100,92,66,30.22,30.1,30.01,10,5,0,6,1,9.26,0,Rain,3,2,1,2016
454,10/01/2016,51,43,32,39,32,25,93,69,50,30.27,30.21,30.15,10,10,9,8,2,9.26,0,Rain,6,2,1,2016
455,11/01/2016,45,38,30,42,35,25,100,85,65,30.17,30.14,30.12,10,10,8,10,3,9.26,0.09,Rain,3,2,1,2016
456,12/01/2016,48,42,37,44,42,36,96,88,77,30.14,29.85,29.53,10,9,5,16,5,26,0.52,Rain,5,2,1,2016
457,13/01/2016,55,48,42,49,45,41,100,89,74,30.03,29.77,29.54,10,8,3,22,8,30,0.57,Rain,8,2,1,2016
458,14/01/2016,48,42,35,41,37,33,97,85,68,30.06,29.94,29.79,10,10,10,9,5,9.26,0,Rain,5,2,1,2016
459,15/01/2016,48,40,32,45,39,32,100,92,86,30.01,29.94,29.86,10,9,4,7,4,9.26,0.04,Rain-Snow,4,4,1,2016
460,16/01/2016,53,48,43,48,45,40,100,89,83,29.97,29.79,29.65,10,9,3,15,5,26,0.41,Rain,8,2,1,2016
461,17/01/2016,50,46,42,47,43,40,97,91,82,29.95,29.81,29.68,10,10,7,13,5,9.26,0.32,Rain,7,2,1,2016
462,18/01/2016,54,48,42,44,42,37,100,81,59,30,29.94,29.85,10,10,10,15,5,22,0.05,Rain,8,2,1,2016
463,19/01/2016,46,44,41,44,41,37,97,89,76,29.93,29.77,29.59,10,8,4,10,3,9.26,0.46,Rain,6,2,1,2016
464,20/01/2016,52,46,41,44,42,40,100,84,63,30.2,30.09,29.93,10,10,7,10,5,9.26,0.2,Rain,7,2,1,2016
465,21/01/2016,51,48,45,49,47,44,100,95,86,29.97,29.84,29.69,10,8,5,8,3,9.26,1.27,Rain,8,2,1,2016
466,22/01/2016,55,50,46,50,46,42,97,85,67,29.93,29.81,29.64,10,10,6,17,8,25,0.27,Rain,10,2,1,2016
467,23/01/2016,46,45,44,46,44,40,100,94,79,29.97,29.8,29.71,10,8,4,8,2,9.26,0.53,Rain,7,2,1,2016
468,24/01/2016,50,44,37,44,40,37,100,82,61,30.19,30.11,29.99,10,10,10,8,5,9.26,0,Rain,6,2,1,2016
469,25/01/2016,54,45,36,42,39,35,97,81,59,30.26,30.23,30.19,10,10,10,6,2,9.26,0,Rain,7,2,1,2016
470,26/01/2016,55,50,46,54,49,39,100,91,66,30.27,30.24,30.2,10,9,2,12,4,9.26,0.27,Rain,10,2,1,2016
471,27/01/2016,57,54,50,54,52,49,100,94,87,30.24,30.13,29.92,10,9,5,10,5,9.26,0.8,Rain,12,2,1,2016
472,28/01/2016,55,50,46,54,48,43,100,86,64,30.07,29.91,29.79,10,9,5,13,9,23,0.52,Rain,10,2,1,2016
473,29/01/2016,50,47,44,43,41,37,93,80,68,30,29.76,29.6,10,10,8,20,6,28,0.18,Rain,8,2,1,2016
474,30/01/2016,46,42,39,39,37,36,93,81,68,30.02,29.95,29.86,10,10,7,15,9,21,0.02,Rain,5,2,1,2016
475,31/01/2016,46,42,37,39,37,34,89,80,71,30.13,30.05,30.02,10,10,10,12,7,17,0,Rain,5,2,1,2016
476,01/02/2016,45,41,37,40,39,37,97,88,74,30.21,30.18,30.13,10,10,6,9,5,9.26,0.25,Rain,5,2,2,2016
477,02/02/2016,50,42,35,40,36,31,100,82,48,30.22,30.2,30.18,10,9,0,8,2,9.26,0.02,"Fog, Rain",5,1,2,2016
478,03/02/2016,48,44,41,44,39,35,97,83,59,30.22,30.1,29.95,10,9,6,16,6,23,0.48,Rain,6,2,2,2016
479,04/02/2016,48,46,45,46,44,41,93,87,80,30.4,30.32,30.14,10,10,10,16,10,25,0.05,Rain,7,2,2,2016
480,05/02/2016,53,48,42,45,43,40,100,84,64,30.35,30.18,29.99,10,10,5,21,5,32,0.15,Rain,8,2,2,2016
481,06/02/2016,48,42,36,41,40,35,100,82,71,30.51,30.43,30.25,10,10,9,16,9,22,0,Rain,5,2,2,2016
482,07/02/2016,50,43,36,41,38,36,100,84,61,30.57,30.54,30.5,10,10,10,9,2,9.26,0,Rain,6,2,2,2016
483,08/02/2016,57,48,39,44,41,37,97,81,59,30.51,30.41,30.28,10,10,10,8,2,9.26,0,Rain,8,2,2,2016
484,09/02/2016,62,50,39,47,42,37,100,83,55,30.26,30.18,30.1,10,7,0,10,2,9.26,0,Rain,10,2,2,2016
485,10/02/2016,55,50,44,52,45,39,100,81,63,30.31,30.21,30.08,10,10,4,10,5,23,0.16,Rain,10,2,2,2016
486,11/02/2016,55,50,44,52,47,43,100,89,72,30.29,30.15,30.08,10,8,3,8,3,9.26,0.37,Rain,10,2,2,2016
487,12/02/2016,57,52,48,54,49,43,100,89,62,30.2,30.11,30.06,10,8,2,17,7,28,0.86,Rain,11,2,2,2016
488,13/02/2016,51,48,46,47,44,41,100,89,71,30.29,30.19,30.08,10,9,3,15,10,22,0.36,Rain,8,2,2,2016
489,14/02/2016,55,57,55,50,50,50,82,82,82,30.12,30.12,30.12,10,10,10,23,23,9.26,0,Rain,14,2,2,2016
490,15/02/2016,57,54,51,49,48,46,92,84,67,30.01,30,29.98,10,8,4,13,9,25,0.12,Rain,12,2,2,2016
491,16/02/2016,55,53,50,49,48,46,92,86,75,30.05,29.95,29.71,10,10,10,13,7,26,0.01,Rain,11,2,2,2016
492,17/02/2016,57,52,48,50,47,45,96,85,67,29.69,29.37,29.17,10,9,6,9,4,18,0.46,Rain,11,2,2,2016
493,18/02/2016,52,49,46,46,43,39,100,82,63,29.73,29.45,29.27,10,10,7,16,8,28,0.12,Rain,9,2,2,2016
494,19/02/2016,51,46,42,46,43,39,96,87,77,30.14,29.79,29.58,10,9,7,15,7,24,0.49,Rain,7,2,2,2016
495,20/02/2016,52,44,37,39,37,35,96,74,54,30.4,30.32,30.18,10,10,10,13,8,20,0,Rain,6,2,2,2016
496,21/02/2016,51,42,34,43,39,34,100,87,71,30.36,30.23,30.12,10,10,7,14,3,23,0.07,Rain,5,2,2,2016
497,22/02/2016,51,46,41,41,39,38,93,82,63,30.44,30.4,30.36,10,10,10,10,6,9.26,0.01,Rain,7,2,2,2016
498,23/02/2016,60,48,37,38,33,28,96,61,32,30.35,30.19,30.07,10,10,10,13,4,9.26,0,Rain,8,2,2,2016
499,24/02/2016,57,50,44,50,40,34,100,69,41,30.25,30.2,30.12,10,10,7,6,1,9.26,0.02,Rain,10,2,2,2016
500,25/02/2016,61,50,39,45,42,39,100,80,49,30.25,30.18,30.09,10,9,1,7,1,9.26,0,Rain,10,2,2,2016
501,26/02/2016,60,51,42,50,45,41,96,84,49,30.08,29.98,29.93,10,10,6,9,3,9.26,0.15,Rain,10,2,2,2016
502,27/02/2016,57,52,46,49,47,42,100,87,60,30.14,30.07,29.96,10,9,4,10,2,9.26,0.08,Rain,11,2,2,2016
503,28/02/2016,52,48,44,47,43,40,93,86,77,30.2,29.99,29.79,10,9,5,16,6,31,0.68,Rain,8,2,2,2016
504,29/02/2016,53,48,44,45,41,38,96,76,57,30.24,30.16,30.01,10,10,8,10,6,9.26,0.12,Rain,8,2,2,2016
505,01/03/2016,55,50,45,49,44,39,100,86,63,29.98,29.75,29.55,10,9,4,23,6,34,0.71,Rain,10,2,3,2016
506,02/03/2016,54,50,46,49,44,38,97,80,55,30.02,29.91,29.74,10,9,4,20,11,29,0.27,Rain,10,2,3,2016
507,03/03/2016,57,52,48,50,45,41,96,76,55,30.01,29.96,29.83,10,10,9,16,8,25,0.03,Rain,11,2,3,2016
508,04/03/2016,57,48,39,48,43,38,97,84,55,29.94,29.79,29.51,10,10,7,9,2,9.26,0.21,Rain,8,2,3,2016
509,05/03/2016,63,56,48,52,49,45,93,75,54,29.65,29.46,29.17,10,10,9,18,6,9.26,0.2,Rain,13,2,3,2016
510,06/03/2016,60,52,45,48,44,42,93,82,64,29.61,29.53,29.23,10,9,2,14,9,26,0.39,Rain,11,2,3,2016
511,07/03/2016,52,48,41,44,41,39,100,84,66,30.04,29.82,29.55,10,10,4,18,8,25,0.26,Rain,8,2,3,2016
512,08/03/2016,53,46,39,43,38,35,93,75,52,30.04,29.94,29.85,10,10,8,9,7,20,0.03,Rain,7,2,3,2016
513,09/03/2016,55,48,43,50,44,42,97,88,71,29.9,29.65,29.36,10,9,4,16,7,30,0.97,Rain,8,2,3,2016
514,10/03/2016,55,48,39,52,43,39,100,80,57,29.97,29.74,29.38,10,10,6,22,13,38,0.32,Rain,8,2,3,2016
515,11/03/2016,55,46,36,48,43,36,100,90,59,29.93,29.63,29.49,10,9,4,8,3,9.26,0.35,"Fog, Rain",7,1,3,2016
516,12/03/2016,51,46,39,48,41,37,100,81,63,29.76,29.64,29.5,10,10,8,18,9,28,0.2,Rain,7,2,3,2016
517,13/03/2016,53,47,41,44,40,38,96,82,59,29.72,29.48,29.23,10,9,5,29,9,52,0.52,Rain,8,2,3,2016
518,14/03/2016,48,44,41,42,39,38,89,86,71,30.11,29.86,29.6,10,10,7,15,11,25,0.06,Rain-Thunderstorm,6,5,3,2016
519,15/03/2016,51,46,41,40,38,37,86,77,59,30.27,30.23,30.14,10,10,10,12,8,22,0,Rain,7,2,3,2016
520,16/03/2016,53,47,42,41,37,32,93,71,47,30.36,30.33,30.28,10,10,10,9,2,9.26,0,Rain,8,2,3,2016
521,17/03/2016,57,47,37,38,33,26,93,65,33,30.36,30.29,30.18,10,10,10,14,3,20,0,Rain,8,2,3,2016
522,18/03/2016,63,52,42,27,24,22,53,33,23,30.17,30.06,30,10,10,10,20,8,26,0,Rain,11,2,3,2016
523,19/03/2016,61,54,48,45,38,24,69,53,31,30.06,30,29.92,10,10,10,8,3,9.26,0,Rain,12,2,3,2016
524,20/03/2016,55,52,48,51,48,41,96,86,66,29.91,29.82,29.76,10,10,9,13,2,9.26,0.08,Rain,11,2,3,2016
525,21/03/2016,55,50,46,48,47,44,100,89,77,29.83,29.77,29.69,10,10,6,9,6,20,0.28,Rain,10,2,3,2016
526,22/03/2016,57,50,45,46,44,42,93,81,62,30.22,30.02,29.83,10,10,8,12,7,18,0.01,Rain,10,2,3,2016
527,23/03/2016,53,50,48,48,45,43,97,84,74,30.27,30.18,30,10,9,2,15,11,25,0.13,Rain,10,2,3,2016
528,24/03/2016,54,49,45,43,40,38,86,76,59,30.21,30.15,30.05,10,10,10,16,10,24,0,Rain,9,2,3,2016
529,25/03/2016,57,50,44,41,38,32,85,68,42,30.25,30.21,30.18,10,10,10,8,4,20,0,Rain,10,2,3,2016
530,26/03/2016,59,50,41,46,39,33,93,66,39,30.17,30.01,29.85,10,10,8,8,2,9.26,0.04,Rain,10,2,3,2016
531,27/03/2016,51,47,39,49,44,38,100,88,71,30.12,29.95,29.82,10,9,2,16,9,34,0.48,Rain,8,2,3,2016
532,28/03/2016,55,46,37,42,40,38,100,81,59,30.22,30.19,30.14,10,10,10,10,3,9.26,0,Rain,7,2,3,2016
533,29/03/2016,64,50,37,43,39,36,100,74,38,30.21,30.15,30.06,10,9,1,12,4,20,0,Rain,10,2,3,2016
534,30/03/2016,68,54,43,45,42,39,93,64,37,30.11,30.07,30.03,10,10,10,8,2,9.26,0,Rain,12,2,3,2016
535,31/03/2016,73,59,46,47,45,43,90,64,35,30.14,30.1,30.06,10,10,10,7,1,9.26,0,Sunny,15,6,3,2016
536,01/04/2016,71,58,46,50,48,45,93,69,44,30.19,30.15,30.1,10,10,10,8,3,9.26,0,Sunny,14,6,4,2016
537,02/04/2016,63,54,48,49,47,45,100,80,58,30.19,30.15,30.1,10,10,10,12,4,9.26,0,Rain,12,2,4,2016
538,03/04/2016,69,58,46,51,47,38,97,71,42,30.13,30.02,29.89,10,10,5,13,3,20,0.12,Sunny,14,6,4,2016
539,04/04/2016,60,54,46,50,43,40,92,72,51,30.45,30.22,30.02,10,10,5,18,12,30,0.17,Rain,12,2,4,2016
540,05/04/2016,57,52,46,46,44,42,86,77,64,30.57,30.51,30.45,10,10,10,14,8,21,0,Rain,11,2,4,2016
541,06/04/2016,68,56,45,47,44,40,90,67,38,30.5,30.37,30.2,10,10,10,12,4,17,0,Rain,13,2,4,2016
542,07/04/2016,77,63,51,51,49,46,89,65,37,30.18,29.99,29.86,10,10,10,10,4,9.26,0,Sunny,17,6,4,2016
543,08/04/2016,75,64,52,52,48,42,89,64,34,29.91,29.87,29.81,10,10,10,8,2,9.26,0,Sunny,17,6,4,2016
544,09/04/2016,66,55,46,50,47,44,100,73,48,29.88,29.84,29.79,10,10,10,6,2,9.26,0,Rain,12,2,4,2016
545,10/04/2016,59,52,48,45,43,42,86,71,57,30.04,29.95,29.87,10,10,10,9,7,9.26,0,Rain,11,2,4,2016
546,11/04/2016,57,54,50,44,42,39,80,67,51,30.14,30.09,30.04,10,10,10,10,6,9.26,0,Rain,12,2,4,2016
547,12/04/2016,60,52,46,48,44,41,97,79,59,30.14,30.11,30.07,10,9,4,16,8,23,0.44,Rain,11,2,4,2016
548,13/04/2016,59,52,46,46,42,37,97,73,44,30.14,29.98,29.68,10,10,10,13,6,17,0,Rain,11,2,4,2016
549,14/04/2016,59,52,45,46,42,38,93,73,49,30.07,29.81,29.7,10,10,6,14,6,32,0.2,Rain,11,2,4,2016
550,15/04/2016,60,54,48,47,43,39,90,70,48,30.35,30.27,30.1,10,10,10,14,6,17,0,Rain,12,2,4,2016
551,16/04/2016,68,56,43,45,41,35,89,62,31,30.36,30.32,30.27,10,10,10,8,4,9.26,0,Rain,13,2,4,2016
552,17/04/2016,77,64,50,50,47,44,83,61,33,30.3,30.18,30.08,10,10,10,10,3,9.26,0,Sunny,17,6,4,2016
553,18/04/2016,89,70,52,62,50,45,89,53,27,30.1,30.05,29.98,10,10,10,9,2,9.26,0,Sunny,21,6,4,2016
554,19/04/2016,81,68,55,52,50,47,83,54,31,30.02,29.95,29.85,10,10,10,9,3,9.26,0,Sunny,20,6,4,2016
555,20/04/2016,81,67,55,55,52,50,87,62,37,29.87,29.81,29.71,10,10,10,9,2,9.26,0,Sunny,19,6,4,2016
556,21/04/2016,73,63,53,53,50,42,89,65,34,29.85,29.76,29.64,10,10,10,12,8,9.26,0,Sunny,17,6,4,2016
557,22/04/2016,64,58,54,52,51,49,84,77,63,29.94,29.74,29.62,10,10,10,15,6,18,0.02,Sunny,14,6,4,2016
558,23/04/2016,64,58,53,52,49,46,86,75,52,30.05,30,29.94,10,10,5,13,9,22,0.02,Sunny,14,6,4,2016
559,24/04/2016,55,51,48,49,46,42,93,83,66,30.17,30.07,29.99,10,9,5,10,6,18,0.27,Rain,10,2,4,2016
560,25/04/2016,59,52,46,46,42,33,100,76,42,30.23,30.2,30.17,10,10,8,7,2,9.26,0.1,Rain,11,2,4,2016
561,26/04/2016,60,52,43,44,41,37,93,69,44,30.2,30.1,30.01,10,10,10,8,4,9.26,0,Rain,11,2,4,2016
562,27/04/2016,61,56,51,47,44,40,80,67,46,30.06,30.02,30,10,10,10,12,2,9.26,0,Rain,13,2,4,2016
563,28/04/2016,64,58,53,50,47,43,86,71,52,30.12,30.09,30.06,10,10,10,7,3,9.26,0,Sunny,14,6,4,2016
564,29/04/2016,61,55,50,49,46,43,96,74,53,30.25,30.14,30.08,10,10,5,8,4,9.26,0.04,Rain,12,2,4,2016
565,30/04/2016,68,56,45,47,44,40,97,64,37,30.38,30.32,30.26,10,10,10,12,3,18,0,Rain,13,2,4,2016
566,01/05/2016,77,63,51,50,46,42,86,56,30,30.29,30.1,29.93,10,10,10,13,3,20,0,Sunny,17,6,5,2016
567,02/05/2016,87,70,54,52,47,41,80,48,26,29.96,29.93,29.86,10,10,10,8,3,9.26,0,Sunny,21,6,5,2016
568,03/05/2016,73,65,57,55,52,45,84,65,47,30.1,30.03,29.97,10,10,10,9,3,17,0,Sunny,18,6,5,2016
569,04/05/2016,60,56,54,50,47,44,80,72,58,30.11,30.05,29.99,10,10,10,14,5,9.26,0,Rain,13,2,5,2016
570,05/05/2016,68,60,52,50,48,45,83,65,52,30.07,30.03,30,10,10,10,9,4,20,0,Sunny,15,6,5,2016
571,06/05/2016,77,66,54,49,44,37,77,48,24,30.1,30.03,29.97,10,10,10,14,3,20,0,Sunny,18,6,5,2016
572,07/05/2016,82,68,54,52,47,39,72,50,26,29.97,29.91,29.83,10,10,10,9,2,9.26,0,Sunny,20,6,5,2016
573,08/05/2016,63,56,50,50,46,42,100,72,46,30.01,29.96,29.9,10,9,2,13,7,16,0.02,Rain,13,2,5,2016
574,09/05/2016,66,57,48,47,44,38,90,64,37,30.18,30.11,30.01,10,10,10,8,5,9.26,0,Rain,13,2,5,2016
575,10/05/2016,75,60,46,46,39,31,86,49,23,30.27,30.21,30.15,10,10,10,12,3,17,0,Sunny,15,6,5,2016
576,11/05/2016,81,66,52,55,43,34,74,45,25,30.17,30.04,29.92,10,10,10,8,4,9.26,0,Sunny,18,6,5,2016
577,12/05/2016,77,64,52,49,45,39,80,53,29,30.04,30,29.96,10,10,10,6,3,9.26,0,Sunny,17,6,5,2016
578,13/05/2016,82,68,54,51,49,48,86,56,30,30.02,29.95,29.86,10,10,10,12,5,18,0,Sunny,20,6,5,2016
579,14/05/2016,64,59,54,53,52,50,90,83,58,30,29.96,29.89,10,10,9,10,5,9.26,0,Sunny,15,6,5,2016
580,15/05/2016,57,56,54,55,53,51,97,91,86,30.1,30.03,29.98,10,10,6,8,6,9.26,0,Rain,13,2,5,2016
581,16/05/2016,60,56,52,53,50,49,100,82,69,30.27,30.21,30.09,10,8,3,6,3,9.26,0,Rain,13,2,5,2016
582,17/05/2016,71,61,53,51,49,47,86,64,47,30.3,30.24,30.17,10,10,10,9,4,9.26,0,Sunny,16,6,5,2016
583,18/05/2016,64,60,54,53,50,45,87,74,63,30.17,30.06,29.97,10,10,10,8,2,9.26,0,Sunny,15,6,5,2016
584,19/05/2016,63,55,48,50,48,43,97,83,52,29.97,29.92,29.86,10,9,4,13,7,20,0.22,Rain,12,2,5,2016
585,20/05/2016,66,58,51,50,46,39,96,69,38,29.88,29.81,29.75,10,10,10,12,6,18,0,Sunny,14,6,5,2016
586,21/05/2016,59,56,52,51,38,28,90,56,32,29.9,29.82,29.74,10,9,4,10,3,9.26,0.04,Rain,13,2,5,2016
587,22/05/2016,66,60,54,50,48,44,86,70,52,29.94,29.91,29.9,10,10,10,14,9,21,0,Sunny,15,6,5,2016
588,23/05/2016,64,59,54,50,48,45,83,69,52,29.95,29.94,29.93,10,10,10,10,6,9.26,0,Sunny,15,6,5,2016
589,24/05/2016,66,62,57,52,51,49,78,70,56,30.03,29.99,29.94,10,10,10,6,3,9.26,0,Sunny,16,6,5,2016
590,25/05/2016,66,60,55,52,50,45,84,72,61,30.21,30.14,30.04,10,10,10,12,4,17,0,Sunny,15,6,5,2016
591,26/05/2016,64,58,53,49,45,42,83,67,53,30.21,30.18,30.13,10,10,6,12,9,17,0,Sunny,14,6,5,2016
592,27/05/2016,64,57,51,49,44,37,83,67,38,30.17,30.14,30.11,10,10,10,12,7,9.26,0.02,Rain,13,2,5,2016
593,28/05/2016,64,56,50,56,48,31,96,78,37,30.13,30.08,30.03,10,10,4,14,9,23,0.03,Rain,13,2,5,2016
594,29/05/2016,64,58,53,53,49,41,93,76,48,30.26,30.14,30.04,10,9,3,14,7,9.26,0,Sunny,14,6,5,2016
595,30/05/2016,71,60,48,48,45,43,86,59,38,30.32,30.26,30.18,10,10,10,14,4,16,0,Sunny,15,6,5,2016
596,31/05/2016,79,66,55,50,48,45,80,54,33,30.17,30.06,29.95,10,10,10,7,2,9.26,0,Sunny,18,6,5,2016
597,01/06/2016,75,66,59,58,52,45,90,61,48,29.97,29.94,29.89,10,10,10,12,4,17,0,Sunny,18,6,6,2016
598,02/06/2016,71,64,59,57,54,51,90,75,51,30.19,30.05,29.92,10,10,10,18,10,24,0,Sunny,17,6,6,2016
599,03/06/2016,80,68,57,54,53,52,87,60,38,30.26,30.21,30.16,10,10,10,12,3,17,0,Sunny,20,6,6,2016
600,04/06/2016,81,72,63,54,45,35,67,39,29,30.16,30.05,29.93,10,10,10,12,5,20,0,Sunny,22,6,6,2016
601,05/06/2016,91,78,66,61,56,52,65,46,34,29.92,29.88,29.83,10,10,10,9,2,9.26,0,Sunny,25,6,6,2016
602,06/06/2016,86,74,64,56,52,46,65,46,33,29.94,29.88,29.83,10,10,10,12,3,20,0,Sunny,23,6,6,2016
603,07/06/2016,84,72,59,53,49,44,75,46,32,29.86,29.81,29.75,10,10,10,7,4,9.26,0,Sunny,22,6,6,2016
604,08/06/2016,66,62,57,52,49,47,75,62,51,29.96,29.87,29.76,10,10,10,15,7,22,0,Sunny,16,6,6,2016
605,09/06/2016,64,59,54,54,47,40,90,67,43,29.97,29.93,29.87,10,10,3,12,7,9.26,0.06,Sunny,15,6,6,2016
606,10/06/2016,66,58,52,52,48,42,89,73,45,30.1,30.01,29.9,10,10,10,14,8,22,0.01,Sunny,14,6,6,2016
607,11/06/2016,64,58,52,54,50,47,93,79,54,30.28,30.19,30.1,10,10,6,9,6,9.26,0.1,Sunny,14,6,6,2016
608,12/06/2016,70,62,55,49,46,43,74,57,40,30.29,30.24,30.13,10,10,10,7,4,9.26,0,Sunny,16,6,6,2016
609,13/06/2016,66,60,54,51,47,43,86,67,47,30.11,30.01,29.95,10,10,10,17,7,24,0,Sunny,15,6,6,2016
610,14/06/2016,60,54,48,47,45,42,86,73,53,29.98,29.94,29.91,10,10,10,21,10,28,0.05,Rain,12,2,6,2016
611,15/06/2016,66,56,45,47,42,38,90,63,36,29.98,29.95,29.9,10,10,10,10,7,16,0,Rain,13,2,6,2016
612,16/06/2016,71,61,53,47,44,37,80,58,31,30.18,30.07,29.98,10,10,10,10,7,9.26,0,Sunny,16,6,6,2016
613,17/06/2016,66,60,53,53,48,45,90,69,45,30.17,30.12,30.07,10,10,3,14,3,22,0.22,Sunny,15,6,6,2016
614,18/06/2016,64,60,55,54,51,45,96,79,58,30.37,30.17,30.05,10,10,7,14,5,18,0.16,Sunny,15,6,6,2016
615,19/06/2016,70,58,48,48,46,43,90,63,40,30.41,30.34,30.22,10,10,10,12,7,22,0,Sunny,14,6,6,2016
616,20/06/2016,75,66,57,55,52,43,93,67,32,30.21,30.17,30.11,10,10,5,14,5,25,0.29,Sunny,18,6,6,2016
617,21/06/2016,73,64,55,56,53,50,96,74,48,30.31,30.24,30.16,10,10,6,15,9,9.26,0.34,Sunny,17,6,6,2016
618,22/06/2016,75,65,57,52,50,48,83,61,40,30.15,30.06,29.96,10,10,10,12,4,9.26,0,Sunny,18,6,6,2016
619,23/06/2016,68,62,55,58,55,52,100,87,61,30.1,30.01,29.97,10,8,2,14,7,24,0.34,Sunny,16,6,6,2016
620,24/06/2016,69,60,53,58,54,52,97,80,61,30.28,30.2,30.12,10,10,8,15,7,21,0.09,Sunny,15,6,6,2016
621,25/06/2016,71,64,57,53,52,49,87,68,51,30.3,30.26,30.2,10,10,9,9,6,16,0,Sunny,17,6,6,2016
622,26/06/2016,78,67,57,57,54,51,83,63,47,30.23,30.17,30.09,10,10,10,13,4,20,0,Sunny,19,6,6,2016
623,27/06/2016,84,73,62,57,54,50,75,55,34,30.17,30.13,30.1,10,10,10,13,4,9.26,0,Sunny,22,6,6,2016
624,28/06/2016,79,66,55,58,55,53,93,75,46,30.23,30.18,30.11,10,10,10,9,6,9.26,0,Sunny,18,6,6,2016
625,29/06/2016,73,65,57,58,56,55,93,80,57,30.22,30.18,30.14,10,10,10,9,5,9.26,0,Sunny,18,6,6,2016
626,30/06/2016,73,65,57,56,54,52,87,73,48,30.25,30.19,30.12,10,10,10,8,5,9.26,0,Sunny,18,6,6,2016
627,01/07/2016,75,66,57,56,54,52,87,73,48,30.14,30.1,30.05,10,10,10,8,3,9.26,0,Sunny,18,6,7,2016
628,02/07/2016,75,69,61,60,57,54,84,70,55,30.05,30.03,29.99,10,10,10,8,4,9.26,0,Sunny,20,6,7,2016
629,03/07/2016,71,64,57,56,53,49,87,72,53,30.17,30.12,30.05,10,10,10,9,5,9.26,0,Sunny,17,6,7,2016
630,04/07/2016,68,62,57,56,52,50,82,72,54,30.17,30.14,30.12,10,10,10,9,7,9.26,0,Sunny,16,6,7,2016
631,05/07/2016,69,63,57,55,52,50,84,72,53,30.14,30.11,30.07,10,10,10,8,5,21,0,Sunny,17,6,7,2016
632,06/07/2016,75,66,57,55,53,48,84,63,38,30.08,30.04,29.95,10,10,10,9,3,9.26,0,Sunny,18,6,7,2016
633,07/07/2016,68,64,60,61,56,52,96,78,65,29.95,29.92,29.88,10,10,4,13,6,18,0.06,Sunny,17,6,7,2016
634,08/07/2016,73,66,60,60,58,55,100,82,55,29.93,29.89,29.87,10,9,3,10,6,18,0.14,Sunny,18,6,7,2016
635,09/07/2016,71,64,57,58,54,51,100,75,53,30.01,29.97,29.89,10,10,6,10,6,17,0.07,Sunny,17,6,7,2016
636,10/07/2016,73,66,59,57,55,52,90,72,48,30.08,30.02,29.98,10,10,10,10,3,9.26,0,Sunny,18,6,7,2016
637,11/07/2016,73,64,57,56,52,45,84,68,47,30.12,30.06,29.98,10,10,10,12,7,9.26,0,Sunny,17,6,7,2016
638,12/07/2016,77,68,60,57,54,52,80,64,43,30.16,30.03,29.96,10,10,10,13,3,18,0,Sunny,20,6,7,2016
639,13/07/2016,75,68,60,53,50,46,78,59,37,30.25,30.22,30.17,10,10,10,12,4,9.26,0,Sunny,20,6,7,2016
640,14/07/2016,77,66,57,58,52,49,78,62,38,30.26,30.21,30.14,10,10,10,17,5,22,0,Sunny,18,6,7,2016
641,15/07/2016,75,66,57,53,51,48,84,60,38,30.19,30.14,30.08,10,10,10,8,3,9.26,0,Sunny,18,6,7,2016
642,16/07/2016,72,66,59,53,52,51,75,62,49,30.1,30.06,30.01,10,10,10,10,6,9.26,0,Sunny,18,6,7,2016
643,17/07/2016,80,70,60,56,54,53,80,60,40,30,29.95,29.89,10,10,10,10,2,9.26,0,Sunny,21,6,7,2016
644,18/07/2016,73,67,62,57,55,53,78,69,57,30.06,29.98,29.92,10,10,10,10,4,9.26,0,Sunny,19,6,7,2016
645,19/07/2016,78,70,62,55,53,50,75,59,40,30.11,30.08,30.05,10,10,10,9,5,9.26,0,Sunny,21,6,7,2016
646,20/07/2016,82,72,62,54,52,47,72,54,30,30.14,30.1,30.04,10,10,10,10,3,9.26,0,Sunny,22,6,7,2016
647,21/07/2016,81,71,61,56,54,51,78,57,36,30.11,30.04,29.99,10,10,10,14,4,18,0,Sunny,21,6,7,2016
648,22/07/2016,71,66,61,58,56,54,90,73,59,30.28,30.22,30.12,10,9,5,12,7,20,0.21,Sunny,18,6,7,2016
649,23/07/2016,75,66,60,55,53,49,78,64,41,30.28,30.24,30.19,10,10,10,8,4,9.26,0,Sunny,18,6,7,2016
650,24/07/2016,80,68,57,54,52,51,81,58,38,30.19,30.09,30.01,10,10,10,12,4,18,0,Sunny,20,6,7,2016
651,25/07/2016,84,73,62,58,56,53,75,56,35,30.08,30.04,30.01,10,10,10,10,3,9.26,0,Sunny,22,6,7,2016
652,26/07/2016,79,70,60,57,56,53,83,69,42,30.18,30.13,30.08,10,10,10,8,4,9.26,0,Sunny,21,6,7,2016
653,27/07/2016,82,71,60,58,56,54,83,60,38,30.14,30.1,30.06,10,10,10,10,5,17,0,Sunny,21,6,7,2016
654,28/07/2016,84,73,62,57,56,54,78,56,35,30.14,30.07,30,10,10,10,10,5,9.26,0,Sunny,22,6,7,2016
655,29/07/2016,88,75,64,58,56,52,75,53,31,30.01,29.95,29.87,10,10,10,10,3,9.26,0,Sunny,23,6,7,2016
656,30/07/2016,75,67,59,55,52,51,81,63,44,29.98,29.94,29.88,10,10,10,9,6,18,0,Sunny,19,6,7,2016
657,31/07/2016,73,64,57,52,51,50,75,62,48,30.08,30.04,29.98,10,10,10,10,8,20,0,Sunny,17,6,7,2016
658,01/08/2016,77,66,55,54,52,51,89,70,42,30.12,30.06,30,10,10,5,12,5,9.26,0,Sunny,18,6,8,2016
659,02/08/2016,73,64,57,53,51,50,78,66,49,30.23,30.13,30.07,10,10,10,12,6,17,0,Sunny,17,6,8,2016
660,03/08/2016,75,66,60,53,52,51,72,62,45,30.28,30.24,30.16,10,10,10,10,6,9.26,0,Sunny,18,6,8,2016
661,04/08/2016,80,69,59,56,53,51,81,58,38,30.16,30.04,29.91,10,10,10,13,5,21,0,Sunny,20,6,8,2016
662,05/08/2016,79,70,61,54,51,46,75,56,32,29.97,29.92,29.89,10,10,10,9,4,9.26,0,Sunny,21,6,8,2016
663,06/08/2016,72,63,55,51,49,48,77,62,45,30.01,29.97,29.91,10,10,10,10,6,9.26,0,Sunny,17,6,8,2016
664,07/08/2016,72,66,60,56,52,49,83,69,49,29.96,29.92,29.89,10,10,10,9,4,9.26,0.03,Sunny,18,6,8,2016
665,08/08/2016,73,64,57,54,53,48,84,69,44,29.99,29.97,29.95,10,10,10,9,4,9.26,0,Sunny,17,6,8,2016
666,09/08/2016,72,66,60,55,54,53,83,70,53,30.03,30.01,29.98,10,10,10,10,3,9.26,0,Sunny,18,6,8,2016
667,10/08/2016,75,68,60,56,55,54,83,67,48,30.09,30.07,30.04,10,10,10,12,2,17,0,Sunny,20,6,8,2016
668,11/08/2016,80,70,61,57,56,54,81,63,47,30.14,30.1,30.06,10,10,10,12,4,20,0,Sunny,21,6,8,2016
669,12/08/2016,87,75,63,59,57,55,78,56,36,30.1,30.05,29.98,10,10,10,10,3,9.26,0,Sunny,23,6,8,2016
670,13/08/2016,90,78,66,60,56,51,78,52,28,30.02,29.98,29.93,10,10,10,8,2,9.26,0,Sunny,25,6,8,2016
671,14/08/2016,82,71,60,54,52,44,78,51,25,30.04,30.01,29.96,10,10,10,10,4,9.26,0,Sunny,21,6,8,2016
672,15/08/2016,84,72,61,57,55,53,78,57,37,30.1,30.06,30.02,10,10,10,9,2,9.26,0,Sunny,22,6,8,2016
673,16/08/2016,81,69,57,56,54,51,90,62,35,30.13,30.09,30.04,10,10,10,8,2,9.26,0,Sunny,20,6,8,2016
674,17/08/2016,79,70,60,54,53,50,80,56,40,30.12,30.06,30,10,10,10,12,4,9.26,0,Sunny,21,6,8,2016
675,18/08/2016,86,73,60,63,59,49,72,57,45,30.06,30,29.93,10,10,10,16,8,9.26,0,Sunny,22,6,8,2016
676,19/08/2016,95,60,26,77,54,9,88,48,23,30.01,29.96,29.88,10,10,10,16,8,9.26,0,Sunny,15,6,8,2016
677,20/08/2016,91,78,64,57,53,48,70,44,26,29.93,29.87,29.78,10,10,10,10,3,9.26,0,Sunny,25,6,8,2016
678,21/08/2016,73,66,60,55,54,52,83,68,48,29.98,29.89,29.81,10,10,10,14,8,9.26,0,Sunny,18,6,8,2016
679,22/08/2016,72,64,57,59,51,46,93,64,40,30.11,30.07,29.99,10,10,10,14,8,9.26,0,Sunny,17,6,8,2016
680,23/08/2016,79,67,55,55,51,48,83,58,39,30.19,30.16,30.12,10,10,10,17,7,9.26,0,Sunny,19,6,8,2016
681,24/08/2016,82,70,57,57,55,54,89,60,39,30.24,30.18,30.12,10,10,10,20,5,9.26,0,Sunny,21,6,8,2016
682,25/08/2016,93,77,61,59,54,50,81,51,22,30.14,30.05,29.94,10,10,10,14,4,9.26,0,Sunny,25,6,8,2016
683,26/08/2016,88,74,60,57,52,45,82,45,22,29.96,29.89,29.79,10,10,10,10,4,9.26,0,Sunny,23,6,8,2016
684,27/08/2016,72,66,61,57,54,50,81,65,46,30.01,29.88,29.77,10,10,10,16,9,9.26,0,Sunny,18,6,8,2016
685,28/08/2016,75,68,59,54,52,50,80,65,44,30.09,30.06,30.01,10,10,10,12,9,9.26,0,Sunny,20,6,8,2016
686,29/08/2016,81,68,55,55,53,50,89,65,39,30.08,30.02,29.95,10,10,6,9,4,9.26,0,Sunny,20,6,8,2016
687,30/08/2016,70,64,57,55,53,52,83,69,53,30.05,30.01,29.97,10,10,10,14,9,18,0,Sunny,17,6,8,2016
688,31/08/2016,71,65,59,61,56,52,90,77,63,29.99,29.97,29.96,10,10,8,14,8,9.26,0,Sunny,18,6,8,2016
